{"cameraMode":{"drawMode":0,"name":"Shaded","section":"Shading Mode"},"sceneLighting":true,"audioPlay":false,"sceneViewState":{"m_AlwaysRefresh":false,"showFog":true,"showSkybox":true,"showFlares":true,"showImageEffects":true,"showParticleSystems":true,"showVisualEffectGraphs":true,"m_FxEnabled":true},"in2DMode":false,"pivot":{"x":15.667028427124024,"y":0.36538878083229067,"z":-14.963261604309082},"rotation":{"x":0.011302848346531392,"y":0.9102684259414673,"z":-0.02485584281384945,"w":0.41305112838745119},"size":12.12435531616211,"orthographic":false}